{
  "type": "minecraft:block",
  "pools": [
    {
		"rolls": 1,
		"entries": [
			{
				"type": "minecraft:item",
				"name": "minecraft:brick",
				"weight": 2,
				"functions": [{
					"function": "minecraft:set_name",
					"name": {
						"text": "Native Gold",
						"italic": false
					}
				}]
			},
			{
				"type": "minecraft:item",
				"name": "minecraft:brick",
				"weight": 1,
				"functions": [{
					"function": "minecraft:set_name",
					"name": {
						"text": "Native Silver",
						"italic": false
					}
				}]
			},
			{
				"type": "minecraft:item",
				"name": "minecraft:brick",
				"weight": 1,
				"functions": [{
					"function": "minecraft:set_name",
					"name": {
						"text": "Native Platinum",
						"italic": false
					}
				}]
			}
		],
		"conditions": [
			{
			  "condition": "minecraft:survives_explosion"
			}
		]
    }
	]
}