{
  "type": "minecraft:block",
  "pools": [
    {
		"rolls": 1,
		"entries": [
			{
				"type": "minecraft:item",
				"name": "minecraft:brick",
				"weight": 10,
				"functions": [{
					"function": "minecraft:set_name",
					"name": {
						"text": "Hematite",
						"italic": false
					}
				}]
			},
			{
				"type": "minecraft:item",
				"name": "minecraft:brick",
				"weight": 5,
				"functions": [{
					"function": "minecraft:set_name",
					"name": {
						"text": "Cassiterite",
						"italic": false
					}
				}]
			},
			{
				"type": "minecraft:item",
				"name": "minecraft:brick",
				"weight": 5,
				"functions": [{
					"function": "minecraft:set_name",
					"name": {
						"text": "Malachite",
						"italic": false
					}
				}]
			}
		],
		"conditions": [
			{
			  "condition": "minecraft:survives_explosion"
			}
		]
    }
	]
}